{"name":"a844cf5b-bb60-49ef-b453-0271c1c18f97","id":"/providers/Microsoft.Flow/flows/a844cf5b-bb60-49ef-b453-0271c1c18f97","type":"Microsoft.Flow/flows","properties":{"apiId":"/providers/Microsoft.PowerApps/apis/shared_logicflows","displayName":"Automate Certificate Power Automate Flow","definition":{"metadata":{"workflowEntityId":null,"processAdvisorMetadata":null,"flowChargedByPaygo":null,"flowclientsuspensionreason":"None","flowclientsuspensiontime":null,"flowclientsuspensionreasondetails":null,"creator":{"id":"ff990f46-dfa7-4703-b601-2bff080e42cc","type":"User","tenantId":"073b12b7-bac3-4b12-b2ac-de43ea9cd3f6"},"provisioningMethod":"FromDefinition","failureAlertSubscription":true,"clientLastModifiedTime":"2024-08-14T15:34:27.4226667Z","connectionKeySavedTimeKey":"2024-08-14T15:34:27.4226667Z"},"$schema":"https://schema.management.azure.com/providers/Microsoft.Logic/schemas/2016-06-01/workflowdefinition.json#","contentVersion":"1.0.0.0","parameters":{"$connections":{"defaultValue":{},"type":"Object"},"$authentication":{"defaultValue":{},"type":"SecureObject"}},"triggers":{"manual":{"metadata":{"operationMetadataId":"72754f58-8f5f-49e0-bc0d-050267461835"},"type":"Request","kind":"Button","inputs":{"schema":{"type":"object","properties":{},"required":[]}}}},"actions":{"Get_items":{"runAfter":{},"metadata":{"operationMetadataId":"cf1f4ac3-cacb-47f1-83cf-b5ffc0efbcc7"},"type":"OpenApiConnection","inputs":{"host":{"apiId":"/providers/Microsoft.PowerApps/apis/shared_sharepointonline","connectionName":"shared_sharepointonline_1","operationId":"GetItems"},"parameters":{"dataset":"https://racheldevtech.sharepoint.com","table":"dc39e6b3-bf02-4ae0-9c73-a35699211594"},"authentication":{"value":"@json(decodeBase64(triggerOutputs().headers['X-MS-APIM-Tokens']))['$ConnectionKey']","type":"Raw"}}},"Apply_to_each":{"foreach":"@outputs('Get_items')?['body/value']","actions":{"Populate_a_Microsoft_Word_template":{"runAfter":{},"metadata":{"01UNKVQV6UILRE6PK725GL53M6E2CWNTZO":"/Certificate.docx","operationMetadataId":"365a264e-432c-4dad-b1db-11ecfdbe7d0b"},"type":"OpenApiConnection","inputs":{"host":{"apiId":"/providers/Microsoft.PowerApps/apis/shared_wordonlinebusiness","connectionName":"shared_wordonlinebusiness","operationId":"CreateFileItem"},"parameters":{"source":"sites/racheldevtech.sharepoint.com,b1a0086a-ffe6-43c1-8695-87d0cf716034,dd1f2fa0-951d-4943-b3fe-2f002b14cb8c","drive":"b!agigseb_wUOGlYfQz3FgNKAvH90dlUNJs_4vACsUy4xrLijWjU-fQZVIRo7d_R1d","file":"01UNKVQV6UILRE6PK725GL53M6E2CWNTZO","dynamicFileSchema/1217238248":"@items('Apply_to_each')?['FullName']"},"authentication":{"value":"@json(decodeBase64(triggerOutputs().headers['X-MS-APIM-Tokens']))['$ConnectionKey']","type":"Raw"}}},"Create_file":{"runAfter":{"Populate_a_Microsoft_Word_template":["Succeeded"]},"metadata":{"operationMetadataId":"3d5d0408-620e-45b9-a921-f06a3cb42812"},"type":"OpenApiConnection","inputs":{"host":{"apiId":"/providers/Microsoft.PowerApps/apis/shared_onedriveforbusiness","connectionName":"shared_onedriveforbusiness_1","operationId":"CreateFile"},"parameters":{"folderPath":"/Certificate","name":"@{items('Apply_to_each')?['FullName']} Certificate.docx","body":"@body('Populate_a_Microsoft_Word_template')"},"authentication":{"value":"@json(decodeBase64(triggerOutputs().headers['X-MS-APIM-Tokens']))['$ConnectionKey']","type":"Raw"}},"runtimeConfiguration":{"contentTransfer":{"transferMode":"Chunked"}}},"Convert_file":{"runAfter":{"Create_file":["Succeeded"]},"metadata":{"b!kiYlAJ6iGkWy2mhzPddn3rROhT3EhihLvDQD5gRVqb356kLpWqKkQ5yCqhlUskEX.01JOJNFRSBJJS5F2HQCJDLGOHGYR6SU264":"/Attachments/Certificate.docx","operationMetadataId":"7943aefc-bec8-4fb4-85f6-277f4b8c451c"},"type":"OpenApiConnection","inputs":{"host":{"apiId":"/providers/Microsoft.PowerApps/apis/shared_onedriveforbusiness","connectionName":"shared_onedriveforbusiness","operationId":"ConvertFile"},"parameters":{"id":"@outputs('Create_file')?['body/Id']","type":"PDF"},"authentication":{"value":"@json(decodeBase64(triggerOutputs().headers['X-MS-APIM-Tokens']))['$ConnectionKey']","type":"Raw"}},"description":"Convert the Certificate from a Word doc file to PDF"},"Save_PDF":{"runAfter":{"Convert_file":["Succeeded"]},"metadata":{"operationMetadataId":"917e9d91-5f19-4a39-95fb-82a878f41efb"},"type":"OpenApiConnection","inputs":{"host":{"apiId":"/providers/Microsoft.PowerApps/apis/shared_onedriveforbusiness","connectionName":"shared_onedriveforbusiness_1","operationId":"CreateFile"},"parameters":{"folderPath":"/Certificate","name":"@outputs('Convert_file')?['headers/x-ms-file-name']","body":"@body('Convert_file')"},"authentication":{"value":"@json(decodeBase64(triggerOutputs().headers['X-MS-APIM-Tokens']))['$ConnectionKey']","type":"Raw"}},"description":"Save the Certificate as a PDF","runtimeConfiguration":{"contentTransfer":{"transferMode":"Chunked"}}},"Send_an_email_(V2)":{"runAfter":{"Save_PDF":["Succeeded"]},"metadata":{"operationMetadataId":"fd0d117a-6911-4fa8-801c-4cc058bd972e"},"type":"OpenApiConnection","inputs":{"host":{"apiId":"/providers/Microsoft.PowerApps/apis/shared_office365","connectionName":"shared_office365","operationId":"SendEmailV2"},"parameters":{"emailMessage/To":"@items('Apply_to_each')?['EmailAddress']","emailMessage/Subject":"Microsoft Power Platform Weekend Classes Certificate","emailMessage/Body":"<p>Hi @{items('Apply_to_each')?['FullName']},<br>\n<br>\nCongratulations on completing the Microsoft Power Platform Weekend classes and participating in hands-on project. <br>\n<br>\nKind regards,<br>\nRachel</p>","emailMessage/Attachments":[{"Name":"@outputs('Convert_file')?['headers/x-ms-file-name']","ContentBytes":"@body('Convert_file')"}],"emailMessage/Importance":"Normal"},"authentication":{"value":"@json(decodeBase64(triggerOutputs().headers['X-MS-APIM-Tokens']))['$ConnectionKey']","type":"Raw"}}}},"runAfter":{"Get_items":["Succeeded"]},"metadata":{"operationMetadataId":"8192f408-6296-47fc-a5f9-394c282a19fd"},"type":"Foreach"}}},"connectionReferences":{"shared_sharepointonline_1":{"connectionName":"75761b51cfd241e39eec54bd50482f3c","source":"Invoker","id":"/providers/Microsoft.PowerApps/apis/shared_sharepointonline","tier":"NotSpecified"},"shared_wordonlinebusiness":{"connectionName":"shared-wordonlinebus-7afe19bd-e0b1-4908-837a-8753f50d5bdf","source":"Invoker","id":"/providers/Microsoft.PowerApps/apis/shared_wordonlinebusiness","tier":"NotSpecified"},"shared_onedriveforbusiness_1":{"connectionName":"shared-onedriveforbu-34f7c752-76d7-40e2-ac63-f87973256627","source":"Invoker","id":"/providers/Microsoft.PowerApps/apis/shared_onedriveforbusiness","tier":"NotSpecified"},"shared_onedriveforbusiness":{"connectionName":"dfc514b926db4154b416a32afd080334","source":"Invoker","id":"/providers/Microsoft.PowerApps/apis/shared_onedriveforbusiness","tier":"NotSpecified"},"shared_office365":{"connectionName":"9afb15447c9f4bc397a03cef8a97e22e","source":"Invoker","id":"/providers/Microsoft.PowerApps/apis/shared_office365","tier":"NotSpecified"}},"flowFailureAlertSubscribed":false,"isManaged":false}}