{"name":"4e091e3b-6196-46c8-9718-b3dedbe303df","id":"/providers/Microsoft.Flow/flows/4e091e3b-6196-46c8-9718-b3dedbe303df","type":"Microsoft.Flow/flows","properties":{"apiId":"/providers/Microsoft.PowerApps/apis/shared_logicflows","displayName":"Automate Certificare for Attendance","definition":{"metadata":{"workflowEntityId":null,"processAdvisorMetadata":null,"flowChargedByPaygo":null,"flowclientsuspensionreason":"None","flowclientsuspensiontime":null,"flowclientsuspensionreasondetails":null,"creator":{"id":"16fe7501-9aee-4457-8a7e-a409fe23932e","type":"User","tenantId":"d5c550eb-d1f8-4118-8ef2-e39defe2183f"},"provisioningMethod":"FromDefinition","failureAlertSubscription":true,"clientLastModifiedTime":"2024-08-11T19:34:08.6344018Z","connectionKeySavedTimeKey":"2024-08-11T19:34:08.6344018Z"},"$schema":"https://schema.management.azure.com/providers/Microsoft.Logic/schemas/2016-06-01/workflowdefinition.json#","contentVersion":"1.0.0.0","parameters":{"$connections":{"defaultValue":{},"type":"Object"},"$authentication":{"defaultValue":{},"type":"SecureObject"}},"triggers":{"manual":{"metadata":{"operationMetadataId":"e5e5e80a-d1c7-4390-94f8-ce3456db0011"},"type":"Request","kind":"Button","inputs":{"schema":{"type":"object","properties":{},"required":[]}}}},"actions":{"Get_items":{"runAfter":{},"metadata":{"operationMetadataId":"d413b2a1-7774-4a31-906b-d424f105320d"},"type":"OpenApiConnection","inputs":{"host":{"apiId":"/providers/Microsoft.PowerApps/apis/shared_sharepointonline","connectionName":"shared_sharepointonline","operationId":"GetItems"},"parameters":{"dataset":"https://techstylers.sharepoint.com/sites/Cohort5-TechDeepDive-TS-TDDProjectFileSubmission","table":"11e84a39-0c70-4930-a841-5992129a3e5e"},"authentication":{"value":"@json(decodeBase64(triggerOutputs().headers['X-MS-APIM-Tokens']))['$ConnectionKey']","type":"Raw"}}},"Apply_to_each_2":{"foreach":"@outputs('Get_items')?['body/value']","actions":{"Convert_file_2":{"runAfter":{"Create_file":["Succeeded"]},"metadata":{"operationMetadataId":"c0b3973a-9f0a-42c0-90e6-b6b25d98f28b"},"type":"OpenApiConnection","inputs":{"host":{"apiId":"/providers/Microsoft.PowerApps/apis/shared_onedriveforbusiness","connectionName":"shared_onedriveforbusiness","operationId":"ConvertFile"},"parameters":{"id":"@outputs('Create_file')?['body/Id']","type":"PDF"},"authentication":{"value":"@json(decodeBase64(triggerOutputs().headers['X-MS-APIM-Tokens']))['$ConnectionKey']","type":"Raw"}}},"Save_PDF":{"runAfter":{"Convert_file_2":["Succeeded"]},"metadata":{"operationMetadataId":"f7071fba-f716-49fe-a0de-54feb12a8c28"},"type":"OpenApiConnection","inputs":{"host":{"apiId":"/providers/Microsoft.PowerApps/apis/shared_onedriveforbusiness","connectionName":"shared_onedriveforbusiness_1","operationId":"CreateFile"},"parameters":{"folderPath":"/Attachments","name":"@outputs('Convert_file_2')?['headers/x-ms-file-name']","body":"@body('Convert_file_2')"},"authentication":{"value":"@json(decodeBase64(triggerOutputs().headers['X-MS-APIM-Tokens']))['$ConnectionKey']","type":"Raw"}},"runtimeConfiguration":{"contentTransfer":{"transferMode":"Chunked"}}},"Populate_a_Microsoft_Word_template":{"runAfter":{},"metadata":{"01A5KQU3EJEVHTXD2QIFE3QACROK7L4I3F":"/Certification/Cohort5 Attendance Certificate Template.docx","operationMetadataId":"e6583d5b-da25-4b12-accf-1fb0dc9de635"},"type":"OpenApiConnection","inputs":{"host":{"apiId":"/providers/Microsoft.PowerApps/apis/shared_wordonlinebusiness","connectionName":"shared_wordonlinebusiness","operationId":"CreateFileItem"},"parameters":{"source":"sites/techstylers.sharepoint.com,ee8e9363-caef-4015-8f81-261bbbc8bf19,9b3d5602-2eae-4afd-a68d-626fbc8b126f","drive":"b!Y5OO7u_KFUCPgSYbu8i_GQJWPZuuLv1Kpo1ib7yLEm-GgFUG3_cdSanEwASnDtdU","file":"01A5KQU3EJEVHTXD2QIFE3QACROK7L4I3F","dynamicFileSchema/1298338304":"@items('Apply_to_each_2')?['Name']","dynamicFileSchema/-1825735026":"@items('Apply_to_each_2')?['Track']"},"authentication":{"value":"@json(decodeBase64(triggerOutputs().headers['X-MS-APIM-Tokens']))['$ConnectionKey']","type":"Raw"}}},"Create_file":{"runAfter":{"Populate_a_Microsoft_Word_template":["Succeeded"]},"metadata":{"operationMetadataId":"175bbb55-06b0-4c98-97d9-3b29712a4954"},"type":"OpenApiConnection","inputs":{"host":{"apiId":"/providers/Microsoft.PowerApps/apis/shared_onedriveforbusiness","connectionName":"shared_onedriveforbusiness","operationId":"CreateFile"},"parameters":{"folderPath":"/Attachments","name":"@{items('Apply_to_each_2')?['Name']}Techstylers Cohort 5.docx","body":"@body('Populate_a_Microsoft_Word_template')"},"authentication":{"value":"@json(decodeBase64(triggerOutputs().headers['X-MS-APIM-Tokens']))['$ConnectionKey']","type":"Raw"}},"runtimeConfiguration":{"contentTransfer":{"transferMode":"Chunked"}}},"Send_an_email_(V2)":{"runAfter":{"Compose":["Succeeded"]},"metadata":{"operationMetadataId":"ceed5658-fe4a-40cf-ae60-38f26f9babdb"},"type":"OpenApiConnection","inputs":{"host":{"apiId":"/providers/Microsoft.PowerApps/apis/shared_office365","connectionName":"shared_office365","operationId":"SendEmailV2"},"parameters":{"emailMessage/To":"@items('Apply_to_each_2')?['Emailaddress']","emailMessage/Subject":" Congratulations from TechStylers TDD  Community!","emailMessage/Body":"<p>Dear @{items('Apply_to_each_2')?['Name']},<br>\n<br>\nCongratulations!!!<br>\n<br>\nYou are one of the graduates of the TechDeepDive Cohort 5 training. We are delighted to see you complete this program and wish you the best as you continue your Tech journey.<br>\n<br>\nPlease don't forget to share your amazing experience on LinkedIn tagging @TechStylers and watch for information on the ' AI for All' session starting in September.<br>\n<br>\nIf you love what we do and would like to be a part of our team of volunteers making this positive impact, please fill out the join form here. https://forms.office.com/r/Dk0QrVMtuP.<br>\n<br>\nPlease find an attached copy of your certificate.<br>\n<br>\nKeep Winning!<br>\n<br>\nTechStylers Team<br>\n<br>\n<br>\nFollow us on social media<br>\nTwitter (X)  :https://x.com/Tech_Stylers <br>\nLinkedIn:https://www.linkedin.com/company/techstylers/<br>\nYouTube : https://www.youtube.com/@techstylers1285 <br>\nInstagram: https://instagram.com/techstylers <br>\nTikTok : https://www.tiktok.com/@techstylersofficial <br>\nWebsite: https://www.techstylers.com<br>\n<br>\nJoin the community: https://rebrand.ly/TechStylersCommunity&nbsp;</p>","emailMessage/Attachments":[{"Name":"@outputs('Save_PDF')?['body/Name']","ContentBytes":"@body('Convert_file_2')"}],"emailMessage/Importance":"Normal"},"authentication":{"value":"@json(decodeBase64(triggerOutputs().headers['X-MS-APIM-Tokens']))['$ConnectionKey']","type":"Raw"}}},"Compose":{"runAfter":{"Save_PDF":["Succeeded"]},"metadata":{"operationMetadataId":"5db609e0-5037-423c-8cbe-5cbcbe71aab1"},"type":"Compose","inputs":{"Name":"@outputs('Save_PDF')?['body/Name']","ContentBytes":"@body('Convert_file_2')"}}},"runAfter":{"Get_items":["Succeeded"]},"metadata":{"operationMetadataId":"2d794e8a-f8a2-4fb7-8127-d51fcf0aa336"},"type":"Foreach"}}},"connectionReferences":{"shared_sharepointonline":{"connectionName":"shared-sharepointonl-1ccb3b09-c628-4cbd-ab5c-b2e2786c107a","source":"Invoker","id":"/providers/Microsoft.PowerApps/apis/shared_sharepointonline","tier":"NotSpecified"},"shared_onedriveforbusiness":{"connectionName":"shared-onedriveforbu-df3eec55-775a-47c4-9cd8-6f0cea465f81","source":"Invoker","id":"/providers/Microsoft.PowerApps/apis/shared_onedriveforbusiness","tier":"NotSpecified"},"shared_onedriveforbusiness_1":{"connectionName":"shared-onedriveforbu-c18df010-933e-41dc-9c4f-49467dc0a0a9","source":"Invoker","id":"/providers/Microsoft.PowerApps/apis/shared_onedriveforbusiness","tier":"NotSpecified"},"shared_wordonlinebusiness":{"connectionName":"shared-wordonlinebus-121e6be1-d3e2-4e82-89f1-5b84a001aa16","source":"Invoker","id":"/providers/Microsoft.PowerApps/apis/shared_wordonlinebusiness","tier":"NotSpecified"},"shared_office365":{"connectionName":"shared-office365-1eb31b8b-c725-482a-a3f2-ac9cd23959dc","source":"Invoker","id":"/providers/Microsoft.PowerApps/apis/shared_office365","tier":"NotSpecified"}},"flowFailureAlertSubscribed":false,"isManaged":false}}